{
  "company": "Beyond Forge",
  "homepage_url": "https://beyondforge.com/",
  "career_url": "https://beyondforge.com/careers",
  "total": 1,
  "jobs": [
    {
      "title": "Digital Marketing Sales Specialist",
      "description": "Join our team as a Digital Marketing Sales Specialist and drive business growth by identifying new sales opportunities and building lasting relationships with clients.",
      "company": "Beyond Forge"
    }
  ],
  "links_visited": 1,
  "status": "success",
  "timestamp": 1749473894.9626536
}