{
  "company": "Citrus Suite",
  "homepage_url": "https://www.citrussuite.com/",
  "career_url": "https://www.citrussuite.com/jobs",
  "total": 1,
  "jobs": [
    {
      "title": "WordPress Role",
      "location": "",
      "department": "",
      "description": "We are growing our web team, the ideal candidate is a creative problem solver who will work in coordination with cross-functional teams to design, develop, and maintain our user-focused websites and web tools. You must be comfortable working as part of a team while taking the initiative to take lead on new innovations and projects.",
      "company": "Citrus Suite"
    }
  ],
  "links_visited": 2,
  "status": "success",
  "timestamp": 1749473251.255469
}