{
  "company": "HARE.digital",
  "homepage_url": "https://www.hare.digital/",
  "career_url": "https://www.hare.digital/careers",
  "total": 2,
  "jobs": [
    {
      "title": "Senior Web Developer",
      "location": "",
      "department": "",
      "description": "Create web apps for a range of industries.",
      "company": "HARE.digital"
    },
    {
      "title": "iOS Developer",
      "location": "",
      "department": "",
      "description": "Produce awesome applications for a varying range of clients.",
      "company": "HARE.digital"
    }
  ],
  "links_visited": 1,
  "status": "success",
  "timestamp": 1749474151.6123214
}