{
  "company": "Kasa Eshna Limited",
  "homepage_url": "https://kasaeshna.com/",
  "career_url": "https://kasaeshna.com/career",
  "total": 3,
  "jobs": [
    {
      "title": "Mobile Developer",
      "location": "UK",
      "department": null,
      "description": "Design and develop mobile applications",
      "company": "Kasa Eshna Limited"
    },
    {
      "title": "Robotics Engineer",
      "location": "India",
      "department": null,
      "description": "Develop robotics systems and solutions",
      "company": "Kasa Eshna Limited"
    },
    {
      "title": "QA Engineer",
      "location": null,
      "department": "Quality Assurance",
      "description": "Test and ensure software quality",
      "company": "Kasa Eshna Limited"
    }
  ],
  "links_visited": 3,
  "status": "success",
  "timestamp": 1749473760.3386438
}