{
  "company": "Katana",
  "homepage_url": "http://www.katanacode.com",
  "career_url": "http://www.katanacode.com/careers",
  "total": 2,
  "jobs": [
    {
      "title": "Software Engineer",
      "location": "New York, NY",
      "department": "Engineering",
      "description": "Design and develop software applications",
      "company": "Katana"
    },
    {
      "title": "Data Scientist",
      "location": "San Francisco, CA",
      "department": "Research and Development",
      "description": "Analyze complex data sets to inform business decisions",
      "company": "Katana"
    }
  ],
  "links_visited": 1,
  "status": "success",
  "timestamp": 1749473693.2963347
}