{
  "company": "Pogo Studio",
  "homepage_url": "https://www.pogo-studio.com/",
  "career_url": "https://www.pogo-studio.com/join-us",
  "total": 2,
  "jobs": [
    {
      "title": "Software Engineer",
      "location": "San Francisco, CA",
      "department": "Engineering",
      "description": "Design and develop software applications",
      "company": "Pogo Studio"
    },
    {
      "title": "Data Scientist",
      "location": "New York, NY",
      "department": "Research and Development",
      "description": "Analyze complex data sets to inform business decisions",
      "company": "Pogo Studio"
    }
  ],
  "links_visited": 5,
  "status": "success",
  "timestamp": 1749473618.0390124
}