{
  "company": "Purple Dot Digital Limited",
  "homepage_url": "https://purpledotdigital.com/",
  "career_url": "https://jobsarmada.com/",
  "total": 12,
  "jobs": [
    {
      "title": "Contract Fashion Designer & Technical Designer",
      "location": "London, United Kingdom",
      "company": "Purple Dot Digital Limited"
    },
    {
      "title": "Content Writer - Anitta.in",
      "location": "Worldwide",
      "company": "Purple Dot Digital Limited"
    },
    {
      "title": "Freelance Laravel Developer (Remote)",
      "location": "Worldwide",
      "company": "Purple Dot Digital Limited"
    },
    {
      "title": "Android Developer Needed - Build the Fliprly Android App",
      "location": "Worldwide",
      "company": "Purple Dot Digital Limited"
    },
    {
      "title": "MySQL DBA Expert Required to setup MySQL replication from Webserver to local System",
      "location": "Worldwide",
      "company": "Purple Dot Digital Limited"
    },
    {
      "title": "Web Designer - HTML & CSS (Single-Page Landing Pages)",
      "location": "Worldwide",
      "company": "Purple Dot Digital Limited"
    },
    {
      "title": "Custom WordPress Theme Developer for Self-Hosted Blog",
      "location": "Worldwide",
      "company": "Purple Dot Digital Limited"
    },
    {
      "title": "Social Media Marketing Executive",
      "location": "London, United Kingdom",
      "company": "Purple Dot Digital Limited"
    },
    {
      "title": "Cricket Writers - Freelance/Part-Time (Remote)",
      "location": "Worldwide",
      "company": "Purple Dot Digital Limited"
    },
    {
      "title": "Freelance Vector/Graphics Icon Designer",
      "location": "London, United Kingdom",
      "company": "Purple Dot Digital Limited"
    },
    {
      "title": "Django (backend) based RSS Reader App, Backend, API and Web App (Frontend) development",
      "location": "London, United Kingdom",
      "company": "Purple Dot Digital Limited"
    },
    {
      "title": "AI Developer (LLM Specialist), Retrain and Fine-Tune LLMs On Our Datasets",
      "location": "London, United Kingdom",
      "company": "Purple Dot Digital Limited"
    }
  ],
  "links_visited": 11,
  "status": "success",
  "timestamp": 1749473957.4387221
}