{
  "company": "scotchegg Media LTD",
  "homepage_url": "https://scotchegg.digital/",
  "career_url": "https://scotchegg.digital/careers",
  "total": 2,
  "jobs": [
    {
      "title": "PHP / Laravel Developer",
      "location": "Digbeth, Birmingham",
      "department": "",
      "description": "Join an innovative and ambitious web and mobile application development agency as a PHP Developer.",
      "company": "scotchegg Media LTD"
    },
    {
      "title": "Construction Employee & Job Management System",
      "location": "",
      "department": "",
      "description": "We are looking for skilled employees to join our team and help us build a construction employee and job management system.",
      "company": "scotchegg Media LTD"
    }
  ],
  "links_visited": 1,
  "status": "success",
  "timestamp": 1749474159.0696573
}