{
  "total_companies": 98,
  "successful": 94,
  "failed": 4,
  "companies_with_jobs": 15,
  "total_jobs": 48,
  "total_links_visited": 823,
  "companies": [
    {
      "name": "Fit Design",
      "status": "success",
      "jobs_found": 0,
      "career_url": "",
      "links_visited": 10,
      "file": "fit_design.json",
      "homepage_url": "https://fitdesignldn.com/"
    },
    {
      "name": "DesignMe",
      "status": "success",
      "jobs_found": 1,
      "career_url": "https://www.designme.agency/careers",
      "links_visited": 1,
      "file": "designme.json",
      "homepage_url": "https://www.designme.agency/"
    },
    {
      "name": "Solace",
      "status": "success",
      "jobs_found": 1,
      "career_url": "https://solace.digital/careers",
      "links_visited": 1,
      "file": "solace.json",
      "homepage_url": "https://solace.digital/"
    },
    {
      "name": "Generiss Media",
      "status": "failed",
      "jobs_found": 0,
      "career_url": "",
      "links_visited": 0,
      "file": "generiss_media.json",
      "homepage_url": "http://www.generiss.com/"
    },
    {
      "name": "Instilled",
      "status": "success",
      "jobs_found": 0,
      "career_url": "",
      "links_visited": 12,
      "file": "instilled.json",
      "homepage_url": "https://instilled.co.uk/"
    },
    {
      "name": "Critical Media Ltd",
      "status": "success",
      "jobs_found": 0,
      "career_url": "",
      "links_visited": 10,
      "file": "critical_media_ltd.json",
      "homepage_url": "https://criticalmedia.co.uk/"
    },
    {
      "name": "Progressum Digital",
      "status": "success",
      "jobs_found": 0,
      "career_url": "",
      "links_visited": 10,
      "file": "progressum_digital.json",
      "homepage_url": "https://progressumdigital.co.uk/"
    },
    {
      "name": "ID Studio Web Agency",
      "status": "success",
      "jobs_found": 0,
      "career_url": "",
      "links_visited": 10,
      "file": "id_studio_web_agency.json",
      "homepage_url": "https://www.netdreams.co.uk/"
    },
    {
      "name": "Bit Zesty",
      "status": "success",
      "jobs_found": 1,
      "career_url": "https://bitzesty.com/careers",
      "links_visited": 1,
      "file": "bit_zesty.json",
      "homepage_url": "https://bitzesty.com/"
    },
    {
      "name": "Visions Design",
      "status": "success",
      "jobs_found": 13,
      "career_url": "https://www.visionsdesign.co.uk/careers",
      "links_visited": 1,
      "file": "visions_design.json",
      "homepage_url": "https://www.visionsdesign.co.uk/"
    },
    {
      "name": "SimpleClick",
      "status": "success",
      "jobs_found": 0,
      "career_url": "",
      "links_visited": 11,
      "file": "simpleclick.json",
      "homepage_url": "https://www.simpleclick.co.uk/"
    },
    {
      "name": "Zentix",
      "status": "success",
      "jobs_found": 0,
      "career_url": "",
      "links_visited": 10,
      "file": "zentix.json",
      "homepage_url": "https://zentixsoft.com/en"
    },
    {
      "name": "Citrus Suite",
      "status": "success",
      "jobs_found": 1,
      "career_url": "https://www.citrussuite.com/jobs",
      "links_visited": 2,
      "file": "citrus_suite.json",
      "homepage_url": "https://www.citrussuite.com/"
    },
    {
      "name": "Web Choice",
      "status": "success",
      "jobs_found": 0,
      "career_url": "",
      "links_visited": 11,
      "file": "web_choice.json",
      "homepage_url": "https://www.webdesignchoice.co.uk/"
    },
    {
      "name": "The UK Web Design Company",
      "status": "success",
      "jobs_found": 0,
      "career_url": "",
      "links_visited": 10,
      "file": "the_uk_web_design_company.json",
      "homepage_url": "https://the-web-design-company.co.uk/"
    },
    {
      "name": "WEDOWEBAPPS LTD",
      "status": "success",
      "jobs_found": 4,
      "career_url": "https://www.wedowebapps.co.uk/careers",
      "links_visited": 1,
      "file": "wedowebapps_ltd.json",
      "homepage_url": "https://www.wedowebapps.co.uk/"
    },
    {
      "name": "App Haus",
      "status": "success",
      "jobs_found": 0,
      "career_url": "",
      "links_visited": 6,
      "file": "app_haus.json",
      "homepage_url": "https://appg.co/"
    },
    {
      "name": "Bad Dinosaur",
      "status": "success",
      "jobs_found": 0,
      "career_url": "",
      "links_visited": 9,
      "file": "bad_dinosaur.json",
      "homepage_url": "https://www.baddinosaur.co.uk/"
    },
    {
      "name": "TechMade",
      "status": "success",
      "jobs_found": 0,
      "career_url": "",
      "links_visited": 9,
      "file": "techmade.json",
      "homepage_url": "https://techmade.co.uk/"
    },
    {
      "name": "Vale Software",
      "status": "failed",
      "jobs_found": 0,
      "career_url": "",
      "links_visited": 0,
      "file": "vale_software.json",
      "homepage_url": "https://www.valesoftwaresolutions.co.uk/"
    },
    {
      "name": "The Zen Agency",
      "status": "success",
      "jobs_found": 0,
      "career_url": "",
      "links_visited": 10,
      "file": "the_zen_agency.json",
      "homepage_url": "https://www.thezenagency.com/"
    },
    {
      "name": "Elantratech LTD",
      "status": "success",
      "jobs_found": 0,
      "career_url": "",
      "links_visited": 11,
      "file": "elantratech_ltd.json",
      "homepage_url": "https://elantratech.uk/"
    },
    {
      "name": "Bauman Studio",
      "status": "success",
      "jobs_found": 0,
      "career_url": "",
      "links_visited": 0,
      "file": "bauman_studio.json",
      "homepage_url": "https://www.bauman.studio/"
    },
    {
      "name": "Techplus Solutions Ltd",
      "status": "success",
      "jobs_found": 0,
      "career_url": "",
      "links_visited": 11,
      "file": "techplus_solutions_ltd.json",
      "homepage_url": "https://tpsukltd.com/"
    },
    {
      "name": "Lumi",
      "status": "success",
      "jobs_found": 0,
      "career_url": "",
      "links_visited": 10,
      "file": "lumi.json",
      "homepage_url": "https://www.lumi.studio/"
    },
    {
      "name": "Ai Web Solutions",
      "status": "success",
      "jobs_found": 0,
      "career_url": "",
      "links_visited": 11,
      "file": "ai_web_solutions.json",
      "homepage_url": "https://www.ai-websolutions.com/"
    },
    {
      "name": "Fluff Software",
      "status": "success",
      "jobs_found": 0,
      "career_url": "",
      "links_visited": 10,
      "file": "fluff_software.json",
      "homepage_url": "https://www.fluff.software/"
    },
    {
      "name": "Nort Labs",
      "status": "success",
      "jobs_found": 0,
      "career_url": "",
      "links_visited": 10,
      "file": "nort_labs.json",
      "homepage_url": "https://nortlabs.com/"
    },
    {
      "name": "GearedApp Ltd",
      "status": "success",
      "jobs_found": 0,
      "career_url": "",
      "links_visited": 10,
      "file": "gearedapp_ltd.json",
      "homepage_url": "https://gearedapp.co.uk/"
    },
    {
      "name": "Simam Digital",
      "status": "success",
      "jobs_found": 0,
      "career_url": "",
      "links_visited": 10,
      "file": "simam_digital.json",
      "homepage_url": "https://www.simamdigital.com/"
    },
    {
      "name": "DevAngels Limited",
      "status": "success",
      "jobs_found": 0,
      "career_url": "",
      "links_visited": 1,
      "file": "devangels_limited.json",
      "homepage_url": "https://www.devangels.london/"
    },
    {
      "name": "VEXO Labs Ltd.",
      "status": "success",
      "jobs_found": 2,
      "career_url": "https://www.vexolabs.com/apply/",
      "links_visited": 11,
      "file": "vexo_labs_ltd_.json",
      "homepage_url": "https://www.vexolabs.com/"
    },
    {
      "name": "Ingenious App Studios",
      "status": "success",
      "jobs_found": 0,
      "career_url": "",
      "links_visited": 10,
      "file": "ingenious_app_studios.json",
      "homepage_url": "https://www.ingenious-app-studios.co.uk/"
    },
    {
      "name": "Swipe & Tap - Mobile App Development",
      "status": "success",
      "jobs_found": 1,
      "career_url": "https://swipeandtap.co.uk/careers",
      "links_visited": 1,
      "file": "swipe___tap_-_mobile_app_development.json",
      "homepage_url": "https://swipeandtap.co.uk/"
    },
    {
      "name": "Codevate Limited",
      "status": "success",
      "jobs_found": 0,
      "career_url": "",
      "links_visited": 10,
      "file": "codevate_limited.json",
      "homepage_url": "https://www.codevate.com/"
    },
    {
      "name": "Equteq",
      "status": "success",
      "jobs_found": 0,
      "career_url": "",
      "links_visited": 11,
      "file": "equteq.json",
      "homepage_url": "https://www.equteq.com/"
    },
    {
      "name": "Accent Design Group Ltd",
      "status": "success",
      "jobs_found": 0,
      "career_url": "",
      "links_visited": 10,
      "file": "accent_design_group_ltd.json",
      "homepage_url": "https://accentdesign.co.uk/"
    },
    {
      "name": "SO technology",
      "status": "success",
      "jobs_found": 0,
      "career_url": "",
      "links_visited": 14,
      "file": "so_technology.json",
      "homepage_url": "https://sotechnology.co.uk/"
    },
    {
      "name": "Pogo Studio",
      "status": "success",
      "jobs_found": 2,
      "career_url": "https://www.pogo-studio.com/join-us",
      "links_visited": 5,
      "file": "pogo_studio.json",
      "homepage_url": "https://www.pogo-studio.com/"
    },
    {
      "name": "E2E Studios",
      "status": "success",
      "jobs_found": 0,
      "career_url": "",
      "links_visited": 10,
      "file": "e2e_studios.json",
      "homepage_url": "https://www.e2estudios.com/"
    },
    {
      "name": "AppHatch",
      "status": "success",
      "jobs_found": 0,
      "career_url": "",
      "links_visited": 10,
      "file": "apphatch.json",
      "homepage_url": "https://www.apphatch.co.uk"
    },
    {
      "name": "Jetfruit Ltd",
      "status": "success",
      "jobs_found": 0,
      "career_url": "",
      "links_visited": 10,
      "file": "jetfruit_ltd.json",
      "homepage_url": "https://jetfruit.co.uk"
    },
    {
      "name": "CausewaySoft LTD",
      "status": "success",
      "jobs_found": 0,
      "career_url": "",
      "links_visited": 10,
      "file": "causewaysoft_ltd.json",
      "homepage_url": "http://causewaysoft.com"
    },
    {
      "name": "Digital Republic",
      "status": "success",
      "jobs_found": 0,
      "career_url": "",
      "links_visited": 10,
      "file": "digital_republic.json",
      "homepage_url": "https://www.digital-republic.co.uk"
    },
    {
      "name": "Digital Republic",
      "status": "success",
      "jobs_found": 0,
      "career_url": "",
      "links_visited": 10,
      "file": "digital_republic.json",
      "homepage_url": "https://www.digital-republic.co.uk"
    },
    {
      "name": "Katana",
      "status": "success",
      "jobs_found": 2,
      "career_url": "http://www.katanacode.com/careers",
      "links_visited": 1,
      "file": "katana.json",
      "homepage_url": "http://www.katanacode.com"
    },
    {
      "name": "NI7 Solutions",
      "status": "failed",
      "jobs_found": 0,
      "career_url": "",
      "links_visited": 0,
      "file": "ni7_solutions.json",
      "homepage_url": "https://www.ni7solutions.com"
    },
    {
      "name": "NI App Developers Limited",
      "status": "success",
      "jobs_found": 0,
      "career_url": "",
      "links_visited": 11,
      "file": "ni_app_developers_limited.json",
      "homepage_url": "http://www.appdevelopersni.com"
    },
    {
      "name": "Cat Apps",
      "status": "success",
      "jobs_found": 0,
      "career_url": "",
      "links_visited": 10,
      "file": "cat_apps.json",
      "homepage_url": "http://www.catapps.co.uk"
    },
    {
      "name": "Robotics Media",
      "status": "success",
      "jobs_found": 0,
      "career_url": "",
      "links_visited": 10,
      "file": "robotics_media.json",
      "homepage_url": "https://robotics-media.com/"
    },
    {
      "name": "Kasa Eshna Limited",
      "status": "success",
      "jobs_found": 3,
      "career_url": "https://kasaeshna.com/career",
      "links_visited": 3,
      "file": "kasa_eshna_limited.json",
      "homepage_url": "https://kasaeshna.com/"
    },
    {
      "name": "TradeBlox Digital Solutions",
      "status": "success",
      "jobs_found": 0,
      "career_url": "",
      "links_visited": 10,
      "file": "tradeblox_digital_solutions.json",
      "homepage_url": "https://www.tradeblox.co.uk"
    },
    {
      "name": "TouchApp Limited",
      "status": "success",
      "jobs_found": 0,
      "career_url": "",
      "links_visited": 10,
      "file": "touchapp_limited.json",
      "homepage_url": "http://www.touchapp.co.uk"
    },
    {
      "name": "Webshape Design",
      "status": "success",
      "jobs_found": 0,
      "career_url": "",
      "links_visited": 10,
      "file": "webshape_design.json",
      "homepage_url": "https://webshapedesign.co.uk/"
    },
    {
      "name": "Productive Inbox Ltd",
      "status": "success",
      "jobs_found": 0,
      "career_url": "",
      "links_visited": 10,
      "file": "productive_inbox_ltd.json",
      "homepage_url": "http://www.productiveinbox.co.uk"
    },
    {
      "name": "Digital Mindset Ltd",
      "status": "success",
      "jobs_found": 0,
      "career_url": "",
      "links_visited": 10,
      "file": "digital_mindset_ltd.json",
      "homepage_url": "http://www.digitalmindset.ltd"
    },
    {
      "name": "Hybrid Eye",
      "status": "success",
      "jobs_found": 0,
      "career_url": "",
      "links_visited": 7,
      "file": "hybrid_eye.json",
      "homepage_url": "http://www.hybrideye.co.uk"
    },
    {
      "name": "Newcode",
      "status": "success",
      "jobs_found": 0,
      "career_url": "",
      "links_visited": 11,
      "file": "newcode.json",
      "homepage_url": "http://www.newcodeuk.co.uk"
    },
    {
      "name": "Twin3",
      "status": "success",
      "jobs_found": 0,
      "career_url": "",
      "links_visited": 10,
      "file": "twin3.json",
      "homepage_url": "https://www.twin3.co.uk"
    },
    {
      "name": "Twin3",
      "status": "success",
      "jobs_found": 0,
      "career_url": "",
      "links_visited": 10,
      "file": "twin3.json",
      "homepage_url": "https://www.twin3.co.uk"
    },
    {
      "name": "Exploding Phone",
      "status": "success",
      "jobs_found": 0,
      "career_url": "",
      "links_visited": 10,
      "file": "exploding_phone.json",
      "homepage_url": "https://www.explodingphone.com/#top"
    },
    {
      "name": "F2B Digital",
      "status": "success",
      "jobs_found": 0,
      "career_url": "",
      "links_visited": 10,
      "file": "f2b_digital.json",
      "homepage_url": "https://www.f2b.co.uk/"
    },
    {
      "name": "Iterative Solution Limited",
      "status": "success",
      "jobs_found": 0,
      "career_url": "",
      "links_visited": 10,
      "file": "iterative_solution_limited.json",
      "homepage_url": "https://iterativesolution.co.uk/"
    },
    {
      "name": "Purple Dot Digital Limited",
      "status": "success",
      "jobs_found": 12,
      "career_url": "https://jobsarmada.com/",
      "links_visited": 11,
      "file": "purple_dot_digital_limited.json",
      "homepage_url": "https://purpledotdigital.com/"
    },
    {
      "name": "Beyond Forge",
      "status": "success",
      "jobs_found": 1,
      "career_url": "https://beyondforge.com/careers",
      "links_visited": 1,
      "file": "beyond_forge.json",
      "homepage_url": "https://beyondforge.com/"
    },
    {
      "name": "DigitAll Solutions UK",
      "status": "success",
      "jobs_found": 0,
      "career_url": "",
      "links_visited": 11,
      "file": "digitall_solutions_uk.json",
      "homepage_url": "https://digitallsolutions.uk/"
    },
    {
      "name": "NearLunar",
      "status": "success",
      "jobs_found": 0,
      "career_url": "",
      "links_visited": 10,
      "file": "nearlunar.json",
      "homepage_url": "https://nearlunar.com/"
    },
    {
      "name": "Cude Design",
      "status": "success",
      "jobs_found": 0,
      "career_url": "",
      "links_visited": 9,
      "file": "cude_design.json",
      "homepage_url": "https://cudedesign.co.uk/"
    },
    {
      "name": "Glow New Media",
      "status": "success",
      "jobs_found": 0,
      "career_url": "",
      "links_visited": 11,
      "file": "glow_new_media.json",
      "homepage_url": "https://www.glow-internet.com/"
    },
    {
      "name": "Cariboo Digital",
      "status": "success",
      "jobs_found": 0,
      "career_url": "",
      "links_visited": 10,
      "file": "cariboo_digital.json",
      "homepage_url": "https://www.cariboodigital.com/"
    },
    {
      "name": "VOiD Applications",
      "status": "success",
      "jobs_found": 0,
      "career_url": "",
      "links_visited": 12,
      "file": "void_applications.json",
      "homepage_url": "https://voidapplications.co.uk/"
    },
    {
      "name": "Experience Heritage",
      "status": "success",
      "jobs_found": 0,
      "career_url": "",
      "links_visited": 10,
      "file": "experience_heritage.json",
      "homepage_url": "https://www.experience-heritage.com/"
    },
    {
      "name": "Dodec",
      "status": "success",
      "jobs_found": 0,
      "career_url": "",
      "links_visited": 11,
      "file": "dodec.json",
      "homepage_url": "https://dodec.co.uk/"
    },
    {
      "name": "Loopspeed",
      "status": "success",
      "jobs_found": 0,
      "career_url": "",
      "links_visited": 10,
      "file": "loopspeed.json",
      "homepage_url": "https://loopspeed.co.uk/"
    },
    {
      "name": "OWA Digital Ltd.",
      "status": "success",
      "jobs_found": 0,
      "career_url": "",
      "links_visited": 10,
      "file": "owa_digital_ltd_.json",
      "homepage_url": "https://www.owadigital.co.uk/"
    },
    {
      "name": "Dolce Studio",
      "status": "success",
      "jobs_found": 0,
      "career_url": "",
      "links_visited": 10,
      "file": "dolce_studio.json",
      "homepage_url": "https://dolcestudio.co/"
    },
    {
      "name": "HARE.digital",
      "status": "success",
      "jobs_found": 2,
      "career_url": "https://www.hare.digital/careers",
      "links_visited": 1,
      "file": "hare_digital.json",
      "homepage_url": "https://www.hare.digital/"
    },
    {
      "name": "scotchegg Media LTD",
      "status": "success",
      "jobs_found": 2,
      "career_url": "https://scotchegg.digital/careers",
      "links_visited": 1,
      "file": "scotchegg_media_ltd.json",
      "homepage_url": "https://scotchegg.digital/"
    },
    {
      "name": "Bytehogs",
      "status": "success",
      "jobs_found": 0,
      "career_url": "",
      "links_visited": 11,
      "file": "bytehogs.json",
      "homepage_url": "https://bytehogs.com/"
    },
    {
      "name": "Appetising Development Ltd",
      "status": "success",
      "jobs_found": 0,
      "career_url": "",
      "links_visited": 10,
      "file": "appetising_development_ltd.json",
      "homepage_url": "https://www.appetisingdevelopment.co.uk/"
    },
    {
      "name": "Wivro",
      "status": "success",
      "jobs_found": 0,
      "career_url": "",
      "links_visited": 10,
      "file": "wivro.json",
      "homepage_url": "https://wivro.co.uk/"
    },
    {
      "name": "The Website Wizard",
      "status": "success",
      "jobs_found": 0,
      "career_url": "",
      "links_visited": 9,
      "file": "the_website_wizard.json",
      "homepage_url": "https://thewebsitewizard.co.uk/"
    },
    {
      "name": "KJA Digital",
      "status": "failed",
      "jobs_found": 0,
      "career_url": "",
      "links_visited": 0,
      "file": "kja_digital.json",
      "homepage_url": "http://kja.digital/"
    },
    {
      "name": "Juiced Media",
      "status": "success",
      "jobs_found": 0,
      "career_url": "",
      "links_visited": 12,
      "file": "juiced_media.json",
      "homepage_url": "https://juicedmedia.co.uk/"
    },
    {
      "name": "ignite webs",
      "status": "success",
      "jobs_found": 0,
      "career_url": "",
      "links_visited": 10,
      "file": "ignite_webs.json",
      "homepage_url": "https://www.ignitewebs.com/"
    },
    {
      "name": "KAD Systems Limited",
      "status": "success",
      "jobs_found": 0,
      "career_url": "",
      "links_visited": 10,
      "file": "kad_systems_limited.json",
      "homepage_url": "https://kadsystems.co.uk/"
    },
    {
      "name": "Go Tripod",
      "status": "success",
      "jobs_found": 0,
      "career_url": "",
      "links_visited": 10,
      "file": "go_tripod.json",
      "homepage_url": "https://gotripod.com/"
    },
    {
      "name": "Pinro",
      "status": "success",
      "jobs_found": 0,
      "career_url": "",
      "links_visited": 10,
      "file": "pinro.json",
      "homepage_url": "https://www.pinrotech.com/"
    },
    {
      "name": "Green Gorilla Software",
      "status": "success",
      "jobs_found": 0,
      "career_url": "",
      "links_visited": 10,
      "file": "green_gorilla_software.json",
      "homepage_url": "https://ggapps.co.uk/"
    },
    {
      "name": "Prodevel",
      "status": "success",
      "jobs_found": 0,
      "career_url": "",
      "links_visited": 10,
      "file": "prodevel.json",
      "homepage_url": "https://prodevel.co.uk/"
    },
    {
      "name": "Bryter Digital",
      "status": "success",
      "jobs_found": 0,
      "career_url": "",
      "links_visited": 10,
      "file": "bryter_digital.json",
      "homepage_url": "https://bryter.digital/"
    },
    {
      "name": "ARG Digital",
      "status": "success",
      "jobs_found": 0,
      "career_url": "",
      "links_visited": 10,
      "file": "arg_digital.json",
      "homepage_url": "https://argdigital.co.uk/"
    },
    {
      "name": "DotC Studios",
      "status": "success",
      "jobs_found": 0,
      "career_url": "",
      "links_visited": 7,
      "file": "dotc_studios.json",
      "homepage_url": "https://www.dotcstudios.com/"
    },
    {
      "name": "IceStar Media Ltd.",
      "status": "success",
      "jobs_found": 0,
      "career_url": "",
      "links_visited": 10,
      "file": "icestar_media_ltd_.json",
      "homepage_url": "https://www.icestarmedia.com/"
    },
    {
      "name": "Craig Champion",
      "status": "success",
      "jobs_found": 0,
      "career_url": "",
      "links_visited": 10,
      "file": "craig_champion.json",
      "homepage_url": "https://craigchampion.com/"
    },
    {
      "name": "Bad Dinosaur",
      "status": "success",
      "jobs_found": 0,
      "career_url": "",
      "links_visited": 9,
      "file": "bad_dinosaur.json",
      "homepage_url": "https://www.baddinosaur.co.uk/"
    },
    {
      "name": "Planes Studio",
      "status": "success",
      "jobs_found": 0,
      "career_url": "",
      "links_visited": 11,
      "file": "planes_studio.json",
      "homepage_url": "https://www.planes.studio/"
    },
    {
      "name": "Pixel Kicks",
      "status": "success",
      "jobs_found": 0,
      "career_url": "",
      "links_visited": 12,
      "file": "pixel_kicks.json",
      "homepage_url": "https://www.pixelkicks.co.uk/"
    }
  ],
  "timestamp": 1749474458.0167754
}