{
  "company": "Swipe & Tap - Mobile App Development",
  "homepage_url": "https://swipeandtap.co.uk/",
  "career_url": "https://swipeandtap.co.uk/careers",
  "total": 1,
  "jobs": [
    {
      "title": "Current Vacancies",
      "location": "",
      "department": "",
      "description": "Don't See Your Position Open? Subscribe below to receive notifications of new positions when they become available",
      "company": "Swipe & Tap - Mobile App Development"
    }
  ],
  "links_visited": 1,
  "status": "success",
  "timestamp": 1749473502.380897
}