{
  "company": "VEXO Labs Ltd.",
  "homepage_url": "https://www.vexolabs.com/",
  "career_url": "https://www.vexolabs.com/apply/",
  "total": 2,
  "jobs": [
    {
      "title": "Software Engineer",
      "location": "New York, NY",
      "department": "Engineering",
      "description": "Design and develop software applications",
      "company": "VEXO Labs Ltd."
    },
    {
      "title": "Data Scientist",
      "location": "San Francisco, CA",
      "department": "Research and Development",
      "description": "Analyze complex data sets to inform business decisions",
      "company": "VEXO Labs Ltd."
    }
  ],
  "links_visited": 11,
  "status": "success",
  "timestamp": 1749473539.5262792
}