{
  "company": "Visions Design",
  "homepage_url": "https://www.visionsdesign.co.uk/",
  "career_url": "https://www.visionsdesign.co.uk/careers",
  "total": 13,
  "jobs": [
    {
      "title": "Senior Web Developer",
      "location": "",
      "department": "",
      "description": "Join our team as a Senior Web Developer and help us build innovative digital solutions.",
      "company": "Visions Design"
    },
    {
      "title": "Full Time",
      "location": "",
      "department": "",
      "description": "",
      "company": "Visions Design"
    },
    {
      "title": "Freelancers, Collaborators & Partnerships",
      "location": "",
      "department": "",
      "description": "",
      "company": "Visions Design"
    },
    {
      "title": "Marketing Assistant",
      "location": "",
      "department": "",
      "description": "",
      "company": "Visions Design"
    },
    {
      "title": "Business Co-Coordinator",
      "location": "",
      "department": "",
      "description": "",
      "company": "Visions Design"
    },
    {
      "title": "Digital Marketing Specialist",
      "location": "",
      "department": "",
      "description": "",
      "company": "Visions Design"
    },
    {
      "title": "Senior Web Designer",
      "location": "",
      "department": "",
      "description": "",
      "company": "Visions Design"
    },
    {
      "title": "Graphic Designer",
      "location": "",
      "department": "",
      "description": "",
      "company": "Visions Design"
    },
    {
      "title": "Web Developer",
      "location": "",
      "department": "",
      "description": "",
      "company": "Visions Design"
    },
    {
      "title": "Admin Assistant",
      "location": "",
      "department": "",
      "description": "",
      "company": "Visions Design"
    },
    {
      "title": "Account Manager",
      "location": "",
      "department": "",
      "description": "",
      "company": "Visions Design"
    },
    {
      "title": "Digital Coordinator",
      "location": "",
      "department": "",
      "description": "",
      "company": "Visions Design"
    },
    {
      "title": "Business Development Executive",
      "location": "",
      "department": "",
      "description": "",
      "company": "Visions Design"
    }
  ],
  "links_visited": 1,
  "status": "success",
  "timestamp": 1749473165.9514923
}