{
  "company": "WEDOWEBAPPS LTD",
  "homepage_url": "https://www.wedowebapps.co.uk/",
  "career_url": "https://www.wedowebapps.co.uk/careers",
  "total": 4,
  "jobs": [
    {
      "title": "Wordpress Developer",
      "location": "",
      "department": "Customization & Plugin development",
      "description": "We’re seeking a skilled WordPress Developer with 1-3 years of experience. Must be proficient in theme and plugin customization. Strong knowledge of PHP and WordPress architecture is required.",
      "company": "WEDOWEBAPPS LTD"
    },
    {
      "title": "HTML Developer",
      "location": "",
      "department": "",
      "description": "We're hiring an experienced HTML Developer with strong skills in HTML5, CSS, and JavaScript. You will be responsible for building responsive, pixel-perfect web pages.",
      "company": "WEDOWEBAPPS LTD"
    },
    {
      "title": "Business Development Executive (Day Shift)",
      "location": "",
      "department": "BDE (Day Shift)",
      "description": "Join our team as a Business Development Executive for the day shift. Open for freshers and professionals up to 6 years of experience. Involves lead generation, bidding, cold calling, and email follow-ups.",
      "company": "WEDOWEBAPPS LTD"
    },
    {
      "title": "Business Development Executive (Night Shift)",
      "location": "",
      "department": "BDE (Night Shift)",
      "description": "We’re looking for a Business Development Executive for the night shift with 1-3 years of experience. Must have strong communication skills for client calling and email outreach.",
      "company": "WEDOWEBAPPS LTD"
    }
  ],
  "links_visited": 1,
  "status": "success",
  "timestamp": 1749473329.8236907
}